{"BINANCE:ETHUSDC":3174.7953997378745,"BINANCE:ETHUSDT":3176.527737491495,"BINANCE:ETHBTC":0}